# AUTO-GENERATED by tools/build_surface_confidence.py -- DO NOT EDIT, re-emit.
# How sure we are WHERE each progression-surface class lives.
#
# 'eligible' = checks that may actually HOST progression: tagged, minus every bar below.
# A TAG COUNT IS NOT A HOSTING COUNT. Both are printed; quote the second one.
#
# 'total' IS ALREADY FILTERED, AND THAT USED TO BE INVISIBLE. It is contract.has_class:
# checks carrying the tag MINUS checks carrying a SURFACE_EXCLUDE_TAG (EniaShop -- Enia's
# buy-only remembrance store). The 'checks N carry any tag' line below is RAW. So the two
# numbers on this page legitimately disagree, and nothing said so.
#   raw tag count for a class  ==  total + tag_excluded
# MOTIVATING CASE (rule 11): on 2026-08-08 an agent read `Shop 500` here, measured 527 raw
# tags in location_tags.py, and reported the committed table as STALE in a design review.
# It was not stale -- test_gf_surface_confidence::test_artifact_is_current diffs a fresh
# emit on every CI run and was green. Two measures, one label, a fabricated defect. The
# column makes the filter visible instead of leaving it in prose.
#   tag_excluded      carries the tag but also a SURFACE_EXCLUDE_TAG -> never on the surface
#   guessed_region    region defaulted/tile-guessed -> AP thinks it is reachable at spawn
#   missable          can be lost permanently -> cannot be required
#   erdtree_burn      m11_00 destroyed when Maliketh dies (CONDITIONAL: not barred when the
#                     capital reconciler is armed -- see the two default_hosting_* lines)
#   surface_excluded  hand-excluded surface-tagged checks (gen_data _SURFACE_EXCLUDE_FLAGS)
#   release_gated     merchant row absent until its own shop-release event fires
#   hub_merchant      Roundtable-Hold MERCHANT rows -- reachable at spawn, so trivial
# Bar columns OVERLAP (one check can be both guessed and missable), so they do not sum to
# total - eligible. 'eligible' is computed from the UNION, never by subtracting the columns.
#
# 🛑 This table sets NO policy. It prices each class; a human decides what is offerable.
# 🛑 A class is not safe because its items were audited to EXIST. Golden Seeds are 43/43
#    audited for existence and several still have a GUESSED region -- a different claim,
#    and the one the surface depends on. See the Seedtree row.
#
# MEASURED THIS RUN (recomputed on every emit):
#   vocabulary 16 class(es) | default surface 7 TAGGED class(es)
#   PLUS SweepSlot -- DERIVED, not priced here: one check per enabled dungeon sweep, decided per
#   seed (55 on a 4-region seed, ~170 on the full map). So the DEFAULT SURFACE hosting
#   number below is the TAGGED half only.
#   checks 4928 total, 945 carry any tag
#   DEFAULT SURFACE: tag union 230 | hosting 198 | hosting w/ reconciler armed 201 | hosting if missable guard OFF 205
#
class	total	tag_excluded	guessed_region	missable	erdtree_burn	surface_excluded	release_gated	hub_merchant	eligible	eligible_pct	in_default
Remembrance	25	0	1	1	1	0	0	0	22	88
Seedtree	43	0	2	1	2	1	0	0	37	86	yes
Church	13	0	0	0	0	1	0	0	12	92	yes
Boss	267	0	31	5	1	2	0	0	230	86
Fragment	46	0	0	0	0	7	0	0	39	85	yes
Revered	23	0	0	0	0	5	0	0	18	78	yes
Basin	15	0	7	0	0	0	0	0	8	53
Shop	419	18	25	27	0	0	96	47	274	65
ShopNonSpell	305	12	21	9	0	0	33	44	234	77
ShopSlot	12	0	0	0	0	0	0	0	12	100	yes
Legendary	108	18	13	20	6	0	0	0	73	68
GreatRune	7	0	0	0	0	0	0	0	7	100
KeyItem	22	0	0	4	0	2	0	0	16	73	yes
MajorBoss	74	0	2	4	1	2	0	0	67	91	yes
FieldBoss	110	0	26	0	0	0	0	0	84	76
MinorDungeonBoss	79	0	1	1	0	0	0	0	77	97
