# AUTO-GENERATED by tools/derive_sweep_anchor_coords.py -- DO NOT EDIT, re-emit.
# WEAK ANCHOR, NOT A MEASUREMENT. Each row says: this check is a MEMBER of the
# sweep triggered by <trigger_defeat_flag>, and that boss is fought at <x,y,z>.
# A member sits BEHIND its trigger, not AT it (boss_sweeps scopes members by
# class, and #445 records triggers outside their members' region). Present it as
# an AREA, never with the wording used for an item_grace_coords position.
# Positions are MAP-LOCAL, the same space as item_grace_coords.
#
# EMITTED 624.
# REFUSED 0 AMBIGUOUS SWEEP
# REFUSED 43 NO ARENA:
#    7770786 (trigger 12030390)
#    7771303 (trigger 12030390)
#    7771306 (trigger 12030390)
#    7771307 (trigger 12030390)
#    7900026 (trigger 12030390)
#    7773972 (trigger 30130810)
#    7773974 (trigger 30130810)
#    7772321 (trigger 34110800)
#    7770735 (trigger 1036450800)
#    7770751 (trigger 1036450800)
#    7770736 (trigger 1036480800)
#    7770739 (trigger 1036480800)
#    7772551 (trigger 1036480800)
#    7770619 (trigger 1037420800)
#    7774197 (trigger 1037420800)
#    7774218 (trigger 1037420800)
#    7770746 (trigger 1039430800)
#    7772674 (trigger 1039430800)
#    7774224 (trigger 1039430800)
#    7770757 (trigger 1039510800)
#    7772742 (trigger 1039510800)
#    7772802 (trigger 1041330800)
#    7770036 (trigger 1044530800)
#    7770763 (trigger 1044530800)
#    7772899 (trigger 1044530800)
#    7772944 (trigger 1044530800)
#    7774359 (trigger 1044530800)
#    7774518 (trigger 1252520800)
#    7774519 (trigger 1252520800)
#    7900275 (trigger 1252520800)
#    7773742 (trigger 2049440800)
#    7773756 (trigger 2049440800)
#    7773767 (trigger 2049440800)
#    7773900 (trigger 2049440800)
#    7773583 (trigger 2050430800)
#    7773628 (trigger 2050430800)
#    7773950 (trigger 2050480810)
#    7773958 (trigger 2050480810)
#    7773577 (trigger 2050480811)
#    7773954 (trigger 2050480811)
#    ... 3 more
# REFUSED 0 ARENA AT ORIGIN
# REFUSED 3437 ALREADY POSITIONED:
#    7770041
#    7770047
#    7770811
#    7770813
#    7770815
#    7770817
#    7770819
#    7770821
#    7770823
#    7770825
#    7770827
#    7770829
#    7770831
#    7770833
#    7770835
#    7770837
#    7770839
#    7770841
#    7770845
#    7770847
#    7770849
#    7770851
#    7770853
#    7770855
#    7770857
#    7770860
#    7770863
#    7770865
#    7770867
#    7770869
#    7770871
#    7770873
#    7770875
#    7770877
#    7770879
#    7770881
#    7770883
#    7770885
#    7770887
#    7770889
#    ... 3397 more
ap_location_id	check_flag	trigger_defeat_flag	boss_map	local_x	local_y	local_z	anchor
7770008	9500	11050800	m11_05_00_00	41.02	65.12	-421.28	sweep_arena
7770010	9504	35000800	m35_00_00_00	74.54	-298.53	-80.61	sweep_arena
7770022	60450	1037530800	m60_37_53_00	52.79	903.67	-88.34	sweep_arena
7770029	65040	1033430800	m60_33_43_00	43.42	291.36	28.77	sweep_arena
7770030	65060	1041530800	m60_41_53_00	-77.48	785.14	29.23	sweep_arena
7770031	65090	1043330800	m60_43_33_00	-55.4	83.11	21.96	sweep_arena
7770032	65100	1047400800	m60_47_40_00	-102.34	126.24	102.54	sweep_arena
7770035	65180	1037540810	m60_37_54_00	-33.39	856.8	-72.88	sweep_arena
7770039	65270	1040530800	m60_40_53_00	-92.85	802.27	71.05	sweep_arena
7770040	65290	1038480800	m60_38_48_00	-30.17	404.2	-102.92	sweep_arena
7770169	68870	2048380850	m61_48_39_00	-90.03	32.28	-91.6	sweep_arena
7770561	400050	1044360800	m60_44_36_00	17.39	80.81	29.78	sweep_arena
7770562	400061	1033450800	m60_33_45_00	-52.3	245.05	-29.6	sweep_arena
7770563	400070	1041530800	m60_41_53_00	-77.48	785.14	29.23	sweep_arena
7770564	400071	16000850	m16_00_00_00	62.32	7.82	-211.48	sweep_arena
7770566	400073	16000860	m16_00_00_00	229.67	-133.52	-251.97	sweep_arena
7770567	400074	16000800	m16_00_00_00	93.69	-438.87	-118.41	sweep_arena
7770568	400075	16000850	m16_00_00_00	62.32	7.82	-211.48	sweep_arena
7770569	400076	16000860	m16_00_00_00	229.67	-133.52	-251.97	sweep_arena
7770570	400077	16000800	m16_00_00_00	93.69	-438.87	-118.41	sweep_arena
7770571	400078	16000850	m16_00_00_00	62.32	7.82	-211.48	sweep_arena
7770575	400107	14000850	m14_00_00_00	151.24	110.57	-222.99	sweep_arena
7770576	400148	1034500800	m60_34_50_00	76.01	440.94	63.31	sweep_arena
7770577	400149	1035500800	m60_35_50_00	-31.85	430.95	100.61	sweep_arena
7770579	400174	13000830	m13_00_00_00	14.45	1009.59	329.5	sweep_arena
7770581	400180	16000800	m16_00_00_00	93.69	-438.87	-118.41	sweep_arena
7770582	400183	31000800	m31_00_00_00	-140.26	-10.88	42.92	sweep_arena
7770583	400191	1042380800	m60_42_38_00	120.54	183.82	50.97	sweep_arena
7770584	400210	18000850	m18_00_00_00	-40.94	10.67	41.1	sweep_arena
7770585	400240	1034480800	m60_34_48_00	46.25	252.21	77.03	sweep_arena
7770586	400241	1034500800	m60_34_50_00	76.01	440.94	63.31	sweep_arena
7770592	400290	16000850	m16_00_00_00	62.32	7.82	-211.48	sweep_arena
7770593	400291	16000860	m16_00_00_00	229.67	-133.52	-251.97	sweep_arena
7770594	400292	13000800	m13_00_00_00	197.21	-32.52	374.75	sweep_arena
7770596	400308	1045520800	m60_45_52_00	27.69	1023.82	43.92	sweep_arena
7770601	400324	15000800	m15_00_00_00	-25.87	51.95	477.41	sweep_arena
7770603	400339	12030800	m12_03_00_00	-370.11	149.47	-203.44	sweep_arena
7770611	400362	14000850	m14_00_00_00	151.24	110.57	-222.99	sweep_arena
7770614	400382	35000800	m35_00_00_00	74.54	-298.53	-80.61	sweep_arena
7770615	400390	1042360800	m60_42_36_00	-11.66	89.01	47.46	sweep_arena
7770616	400393	1035420800	m60_35_42_00	-38.61	269.17	-17.9	sweep_arena
7770617	400394	12010850	m12_01_00_00	-224.54	-317.06	-306.44	sweep_arena
7770620	400411	1048570800	m60_48_57_00	-106.89	1255.08	116.48	sweep_arena
7770623	400460	1039440800	m60_39_44_00	-81.59	294.79	-41.36	sweep_arena
7770624	400470	1047400800	m60_47_40_00	-102.34	126.24	102.54	sweep_arena
7770625	400480	15000850	m15_00_00_00	174.37	431.66	307.9	sweep_arena
7770627	400500	11050850	m11_05_00_00	-132.34	31.03	-386.62	sweep_arena
7770628	400510	1040530800	m60_40_53_00	-92.85	802.27	71.05	sweep_arena
7770629	400594	21000850	m15_00_00_00	-25.87	51.95	477.41	sweep_arena
7770630	400595	21010800	m15_00_00_00	174.37	431.66	307.9	sweep_arena
7770631	400598	20010800	m20_01_00_00	-287.24	299.7	-141.21	sweep_arena
7770633	400614	20010800	m20_01_00_00	-287.24	299.7	-141.21	sweep_arena
7770634	400620	21010800	m15_00_00_00	174.37	431.66	307.9	sweep_arena
7770635	400622	21010800	m15_00_00_00	174.37	431.66	307.9	sweep_arena
7770636	400623	21010800	m15_00_00_00	174.37	431.66	307.9	sweep_arena
7770637	400624	20010850	m20_01_00_00	-221.56	174.59	-328.75	sweep_arena
7770638	400625	21010800	m15_00_00_00	174.37	431.66	307.9	sweep_arena
7770639	400632	22000800	m22_00_00_00	-70.1	-295.01	104.29	sweep_arena
7770640	400634	20010800	m20_01_00_00	-287.24	299.7	-141.21	sweep_arena
7770642	400645	20010800	m20_01_00_00	-287.24	299.7	-141.21	sweep_arena
7770643	400690	21000850	m15_00_00_00	-25.87	51.95	477.41	sweep_arena
7770644	400692	21000850	m15_00_00_00	-25.87	51.95	477.41	sweep_arena
7770645	400694	20000800	m20_00_00_00	-43.02	118.48	336.61	sweep_arena
7770646	400696	2052430800	m61_52_43_00	-68.1	-512.16	67.91	sweep_arena
7770647	400720	20000800	m20_00_00_00	-43.02	118.48	336.61	sweep_arena
7770648	400721	20000800	m20_00_00_00	-43.02	118.48	336.61	sweep_arena
7770650	400723	20000800	m20_00_00_00	-43.02	118.48	336.61	sweep_arena
7770651	400732	20010850	m20_01_00_00	-221.56	174.59	-328.75	sweep_arena
7770652	400740	22000800	m22_00_00_00	-70.1	-295.01	104.29	sweep_arena
7770669	510420	20010800	m20_01_00_00	-287.24	299.7	-141.21	sweep_arena
7770679	510740	34140850	m34_14_00_00	572.7	-373.48	-321.0	sweep_arena
7770689	520330	31030800	m31_03_00_00	-120.79	88.28	80.77	sweep_arena
7770690	520340	31150800	m31_15_00_00	30.89	-29.31	-99.84	sweep_arena
7770692	530100	1042360800	m60_42_36_00	-11.66	89.01	47.46	sweep_arena
7770693	530110	1043360800	m60_43_36_00	-95.5	64.96	80.23	sweep_arena
7770694	530120	1042370800	m60_42_37_00	-83.61	160.59	65.0	sweep_arena
7770695	530130	1044350800	m60_44_34_00	-17.4	105.68	119.83	sweep_arena
7770696	530170	1045390800	m60_45_39_00	-35.05	92.23	1.29	sweep_arena
7770697	530210	1034450800	m60_34_45_00	-8.09	237.38	-10.62	sweep_arena
7770698	530225	1035420800	m60_35_42_00	-38.61	269.17	-17.9	sweep_arena
7770699	530240	1039440800	m60_39_44_00	-81.59	294.79	-41.36	sweep_arena
7770700	530245	1038410800	m60_38_41_00	3.89	257.37	-124.93	sweep_arena
7770701	530250	1033450800	m60_33_45_00	-52.3	245.05	-29.6	sweep_arena
7770702	530255	1036500800	m60_36_50_00	121.09	379.63	10.94	sweep_arena
7770704	530265	1033420800	m60_33_42_00	-40.57	346.7	86.24	sweep_arena
7770705	530300	1037510800	m60_37_51_00	98.54	703.67	29.05	sweep_arena
7770706	530310	1041500800	m60_41_50_00	42.84	834.24	109.24	sweep_arena
7770709	530335	1041510800	m60_41_51_00	91.09	851.27	-31.35	sweep_arena
7770710	530350	1040520800	m60_40_52_00	51.64	884.14	7.32	sweep_arena
7770713	530390	1035530800	m60_35_53_00	-3.79	824.0	-70.69	sweep_arena
7770714	530400	1048370800	m60_48_37_00	-48.09	114.95	-42.67	sweep_arena
7770715	530600	12010850	m12_01_00_00	-224.54	-317.06	-306.44	sweep_arena
7770716	530620	12020830	m12_02_00_00	1240.1	-748.45	1738.16	sweep_arena
7770717	540100	1042370800	m60_42_37_00	-83.61	160.59	65.0	sweep_arena
7770718	540104	1042380800	m60_42_38_00	120.54	183.82	50.97	sweep_arena
7770719	540108	1043370800	m60_43_37_00	72.46	90.96	-94.7	sweep_arena
7770720	540112	1044360800	m60_44_36_00	17.39	80.81	29.78	sweep_arena
7770721	540116	1044360800	m60_44_36_00	17.39	80.81	29.78	sweep_arena
7770722	540118	1047400800	m60_47_40_00	-102.34	126.24	102.54	sweep_arena
7770723	540120	1042380850	m60_42_38_00	12.3	188.02	89.59	sweep_arena
7770724	540132	1042330800	m60_42_33_00	-126.39	19.91	108.76	sweep_arena
7770725	540136	1043330800	m60_43_33_00	-55.4	83.11	21.96	sweep_arena
7770726	540138	1044320800	m60_44_32_00	-103.38	41.2	7.57	sweep_arena
7770727	540140	1044320800	m60_44_32_00	-103.38	41.2	7.57	sweep_arena
7770728	540142	1043370800	m60_43_37_00	72.46	90.96	-94.7	sweep_arena
7770729	540144	1042360800	m60_42_36_00	-11.66	89.01	47.46	sweep_arena
7770730	540146	1042380800	m60_42_38_00	120.54	183.82	50.97	sweep_arena
7770731	540170	10000800	m10_00_00_00	-233.64	73.69	349.6	sweep_arena
7770732	540172	10000850	m10_00_00_00	-16.94	-2.75	-17.6	sweep_arena
7770733	540174	10000800	m10_00_00_00	-233.64	73.69	349.6	sweep_arena
7770734	540200	1034500800	m60_34_50_00	76.01	440.94	63.31	sweep_arena
7770737	540206	1038410800	m60_38_41_00	3.89	257.37	-124.93	sweep_arena
7770738	540208	1035420800	m60_35_42_00	-38.61	269.17	-17.9	sweep_arena
7770740	540218	1034450800	m60_34_45_00	-8.09	237.38	-10.62	sweep_arena
7770741	540220	1035500800	m60_35_50_00	-31.85	430.95	100.61	sweep_arena
7770742	540224	1037510800	m60_37_51_00	98.54	703.67	29.05	sweep_arena
7770743	540236	1038480800	m60_38_48_00	-30.17	404.2	-102.92	sweep_arena
7770744	540238	1033430800	m60_33_43_00	43.42	291.36	28.77	sweep_arena
7770745	540250	1035500800	m60_35_50_00	-31.85	430.95	100.61	sweep_arena
7770747	540254	1038480800	m60_38_48_00	-30.17	404.2	-102.92	sweep_arena
7770748	540256	1036500800	m60_36_50_00	121.09	379.63	10.94	sweep_arena
7770749	540258	1039440800	m60_39_44_00	-81.59	294.79	-41.36	sweep_arena
7770750	540260	1034420800	m60_34_42_00	101.58	397.27	-42.53	sweep_arena
7770752	540264	1033450800	m60_33_45_00	-52.3	245.05	-29.6	sweep_arena
7770753	540272	14000850	m14_00_00_00	151.24	110.57	-222.99	sweep_arena
7770754	540290	39200800	m39_20_00_00	-106.67	353.66	-1310.49	sweep_arena
7770755	540300	1037510800	m60_37_51_00	98.54	703.67	29.05	sweep_arena
7770756	540302	1038510800	m60_38_51_00	-32.46	770.8	0.54	sweep_arena
7770758	540306	1040520800	m60_40_52_00	51.64	884.14	7.32	sweep_arena
7770759	540308	1041530800	m60_41_53_00	-77.48	785.14	29.23	sweep_arena
7770760	540310	1039500800	m60_39_50_00	-45.62	709.65	-86.07	sweep_arena
7770761	540312	1041530800	m60_41_53_00	-77.48	785.14	29.23	sweep_arena
7770762	540314	1041500800	m60_41_50_00	42.84	834.24	109.24	sweep_arena
7770764	540318	1043530800	m60_44_53_00	-23.58	1025.94	75.99	sweep_arena
7770765	540320	1040530800	m60_40_53_00	-92.85	802.27	71.05	sweep_arena
7770766	540332	1037530800	m60_37_53_00	52.79	903.67	-88.34	sweep_arena
7770767	540334	1036540800	m60_36_54_00	100.63	1052.16	-41.76	sweep_arena
7770768	540370	11000850	m11_00_00_00	-131.56	31.01	-386.36	sweep_arena
7770769	540372	11000800	m11_00_00_00	67.41	79.0	-455.18	sweep_arena
7770770	540400	1047400800	m60_47_40_00	-102.34	126.24	102.54	sweep_arena
7770771	540402	1049380800	m60_49_38_00	-25.22	65.88	50.57	sweep_arena
7770772	540406	1048370800	m60_48_37_00	-48.09	114.95	-42.67	sweep_arena
7770773	540410	1048400800	m60_48_40_00	-118.79	138.42	-91.28	sweep_arena
7770774	540412	1048410800	m60_48_41_00	-86.98	225.66	-70.16	sweep_arena
7770775	540422	1048400800	m60_48_40_00	-118.79	138.42	-91.28	sweep_arena
7770776	540590	16000800	m16_00_00_00	93.69	-438.87	-118.41	sweep_arena
7770777	540592	16000850	m16_00_00_00	62.32	7.82	-211.48	sweep_arena
7770778	540600	12040800	m12_04_00_00	-100.0	-106.23	-125.0	sweep_arena
7770779	540602	12010850	m12_01_00_00	-224.54	-317.06	-306.44	sweep_arena
7770780	540610	12020800	m12_02_00_00	1213.21	-619.69	1934.45	sweep_arena
7770781	540630	12020830	m12_02_00_00	1240.1	-748.45	1738.16	sweep_arena
7770782	540642	12020850	m12_02_00_00	995.94	-617.5	1146.54	sweep_arena
7770783	540646	12020800	m12_02_00_00	1213.21	-619.69	1934.45	sweep_arena
7770784	540648	12020830	m12_02_00_00	1240.1	-748.45	1738.16	sweep_arena
7770785	540652	12080800	m12_08_00_00	1530.68	-1735.68	-1052.55	sweep_arena
7770787	540668	12030800	m12_03_00_00	-370.11	149.47	-203.44	sweep_arena
7770788	540670	12030850	m12_03_00_00	-448.77	149.34	-273.11	sweep_arena
7770789	540680	12050800	m12_05_00_00	1552.51	-505.78	1234.42	sweep_arena
7770790	540682	12050800	m12_05_00_00	1552.51	-505.78	1234.42	sweep_arena
7770791	540684	12050800	m12_05_00_00	1552.51	-505.78	1234.42	sweep_arena
7770792	540686	12050800	m12_05_00_00	1552.51	-505.78	1234.42	sweep_arena
7770793	540772	13000830	m13_00_00_00	14.45	1009.59	329.5	sweep_arena
7770794	550050	30000800	m30_00_00_00	2.62	46.74	65.56	sweep_arena
7770795	580000	1043370800	m60_43_37_00	72.46	90.96	-94.7	sweep_arena
7770796	580010	1037460800	m60_37_46_00	-48.34	398.31	9.79	sweep_arena
7770798	580040	10000850	m10_00_00_00	-16.94	-2.75	-17.6	sweep_arena
7770799	580050	11000850	m11_00_00_00	-131.56	31.01	-386.36	sweep_arena
7770800	580120	21000850	m15_00_00_00	-25.87	51.95	477.41	sweep_arena
7770820	10007085	10000850	m10_00_00_00	-16.94	-2.75	-17.6	sweep_arena
7770832	10007195	10000850	m10_00_00_00	-16.94	-2.75	-17.6	sweep_arena
7770843	10007295	10000800	m10_00_00_00	-233.64	73.69	349.6	sweep_arena
7770948	11007185	11000850	m11_00_00_00	-131.56	31.01	-386.36	sweep_arena
7770950	11007195	11000850	m11_00_00_00	-131.56	31.01	-386.36	sweep_arena
7771022	11007985	11000850	m11_00_00_00	-131.56	31.01	-386.36	sweep_arena
7771023	11007987	11000800	m11_00_00_00	67.41	79.0	-455.18	sweep_arena
7771024	11007989	11000850	m11_00_00_00	-131.56	31.01	-386.36	sweep_arena
7771027	11007993	11000800	m11_00_00_00	67.41	79.0	-455.18	sweep_arena
7771031	11007998	11000800	m11_00_00_00	67.41	79.0	-455.18	sweep_arena
7771050	12017105	12010800	m12_01_00_00	-193.0	-224.5	59.76	sweep_arena
7771133	12017930	12010850	m12_01_00_00	-224.54	-317.06	-306.44	sweep_arena
7771137	12017965	12010850	m12_01_00_00	-224.54	-317.06	-306.44	sweep_arena
7771139	12017975	12010850	m12_01_00_00	-224.54	-317.06	-306.44	sweep_arena
7771141	12017985	12010850	m12_01_00_00	-224.54	-317.06	-306.44	sweep_arena
7771143	12017992	12010850	m12_01_00_00	-224.54	-317.06	-306.44	sweep_arena
7771144	12017995	12040800	m12_04_00_00	-100.0	-106.23	-125.0	sweep_arena
7771145	12017997	12010850	m12_01_00_00	-224.54	-317.06	-306.44	sweep_arena
7771187	12027435	12020850	m12_02_00_00	995.94	-617.5	1146.54	sweep_arena
7771189	12027445	12020830	m12_02_00_00	1240.1	-748.45	1738.16	sweep_arena
7771215	12027700	12020800	m12_02_00_00	1213.21	-619.69	1934.45	sweep_arena
7771243	12027985	12020830	m12_02_00_00	1240.1	-748.45	1738.16	sweep_arena
7771245	12027995	12020800	m12_02_00_00	1213.21	-619.69	1934.45	sweep_arena
7771301	12037800	12030800	m12_03_00_00	-370.11	149.47	-203.44	sweep_arena
7771302	12037810	12030850	m12_03_00_00	-448.77	149.34	-273.11	sweep_arena
7771304	12037830	12030800	m12_03_00_00	-370.11	149.47	-203.44	sweep_arena
7771305	12037840	12030850	m12_03_00_00	-448.77	149.34	-273.11	sweep_arena
7771308	12037960	12030800	m12_03_00_00	-370.11	149.47	-203.44	sweep_arena
7771309	12037990	12030850	m12_03_00_00	-448.77	149.34	-273.11	sweep_arena
7771328	12057200	12050800	m12_05_00_00	1552.51	-505.78	1234.42	sweep_arena
7771330	12057240	12050800	m12_05_00_00	1552.51	-505.78	1234.42	sweep_arena
7771331	12057250	12050800	m12_05_00_00	1552.51	-505.78	1234.42	sweep_arena
7771332	12057280	12050800	m12_05_00_00	1552.51	-505.78	1234.42	sweep_arena
7771342	12057400	12050800	m12_05_00_00	1552.51	-505.78	1234.42	sweep_arena
7771343	12057410	12050800	m12_05_00_00	1552.51	-505.78	1234.42	sweep_arena
7771344	12057510	12050800	m12_05_00_00	1552.51	-505.78	1234.42	sweep_arena
7771356	12057710	12050800	m12_05_00_00	1552.51	-505.78	1234.42	sweep_arena
7771358	12057950	12050800	m12_05_00_00	1552.51	-505.78	1234.42	sweep_arena
7771378	12077250	12080800	m12_08_00_00	1530.68	-1735.68	-1052.55	sweep_arena
7771400	12077510	12020850	m12_02_00_00	995.94	-617.5	1146.54	sweep_arena
7771487	13007991	13000830	m13_00_00_00	14.45	1009.59	329.5	sweep_arena
7771488	13007993	13000850	m13_00_00_00	-3.55	-52.2	406.52	sweep_arena
7771489	13007995	13000800	m13_00_00_00	197.21	-32.52	374.75	sweep_arena
7771491	14007005	14000850	m14_00_00_00	151.24	110.57	-222.99	sweep_arena
7771494	14007025	14000800	m14_00_00_00	70.4	-838.71	-23.42	sweep_arena
7771496	14007035	14000800	m14_00_00_00	70.4	-838.71	-23.42	sweep_arena
7771552	14007980	14000800	m14_00_00_00	70.4	-838.71	-23.42	sweep_arena
7771555	15001200	15000800	m15_00_00_00	-25.87	51.95	477.41	sweep_arena
7771556	15001250	15000850	m15_00_00_00	174.37	431.66	307.9	sweep_arena
7771557	15001260	15000800	m15_00_00_00	-25.87	51.95	477.41	sweep_arena
7771558	15001270	15000850	m15_00_00_00	174.37	431.66	307.9	sweep_arena
7771559	15001280	15000800	m15_00_00_00	-25.87	51.95	477.41	sweep_arena
7771560	15001290	15000850	m15_00_00_00	174.37	431.66	307.9	sweep_arena
7771611	15007450	15000850	m15_00_00_00	174.37	431.66	307.9	sweep_arena
7771715	16007690	16000800	m16_00_00_00	93.69	-438.87	-118.41	sweep_arena
7771719	16007940	16000850	m16_00_00_00	62.32	7.82	-211.48	sweep_arena
7771720	16007950	16000860	m16_00_00_00	229.67	-133.52	-251.97	sweep_arena
7771728	18007900	18000850	m18_00_00_00	-40.94	10.67	41.1	sweep_arena
7771812	20007900	20000800	m20_00_00_00	-43.02	118.48	336.61	sweep_arena
7771813	20007991	20000800	m20_00_00_00	-43.02	118.48	336.61	sweep_arena
7771814	20007993	20000800	m20_00_00_00	-43.02	118.48	336.61	sweep_arena
7771882	20017900	20010800	m20_01_00_00	-287.24	299.7	-141.21	sweep_arena
7771883	20017981	20010850	m20_01_00_00	-221.56	174.59	-328.75	sweep_arena
7771884	20017991	20010800	m20_01_00_00	-287.24	299.7	-141.21	sweep_arena
7771929	21007991	21000850	m15_00_00_00	-25.87	51.95	477.41	sweep_arena
7771930	21007993	21000850	m15_00_00_00	-25.87	51.95	477.41	sweep_arena
7771931	21007995	21000850	m15_00_00_00	-25.87	51.95	477.41	sweep_arena
7771982	21017991	21010800	m15_00_00_00	174.37	431.66	307.9	sweep_arena
7772010	22007900	22000800	m22_00_00_00	-70.1	-295.01	104.29	sweep_arena
7772058	30087970	30080800	m30_08_00_00	336.11	742.22	13.74	sweep_arena
7772059	30087980	30080800	m30_08_00_00	336.11	742.22	13.74	sweep_arena
7772060	30087990	30080800	m30_08_00_00	336.11	742.22	13.74	sweep_arena
7772076	30107100	30100800	m30_10_00_00	-101.57	761.46	340.47	sweep_arena
7772096	30177020	30170800	m30_17_00_00	-7.61	1451.72	-35.84	sweep_arena
7772171	31117300	31110800	m31_11_00_00	-145.79	126.94	135.72	sweep_arena
7772172	31117990	31110800	m31_11_00_00	-145.79	126.94	135.72	sweep_arena
7772276	32057900	32050800	m32_05_00_00	53.19	777.2	-37.9	sweep_arena
7772345	34147720	34140850	m34_14_00_00	572.7	-373.48	-321.0	sweep_arena
7772349	35007010	35000800	m35_00_00_00	74.54	-298.53	-80.61	sweep_arena
7772350	35007020	35000850	m35_00_00_00	-203.85	-153.85	-306.87	sweep_arena
7772357	35007100	35000800	m35_00_00_00	74.54	-298.53	-80.61	sweep_arena
7772391	35007500	35000800	m35_00_00_00	74.54	-298.53	-80.61	sweep_arena
7772398	35007580	35000850	m35_00_00_00	-203.85	-153.85	-306.87	sweep_arena
7772411	35007770	35000800	m35_00_00_00	74.54	-298.53	-80.61	sweep_arena
7772418	35007970	35000850	m35_00_00_00	-203.85	-153.85	-306.87	sweep_arena
7772419	35007980	35000800	m35_00_00_00	74.54	-298.53	-80.61	sweep_arena
7772420	35007990	35000850	m35_00_00_00	-203.85	-153.85	-306.87	sweep_arena
7772422	35007995	35000850	m35_00_00_00	-203.85	-153.85	-306.87	sweep_arena
7772424	39207500	39200800	m39_20_00_00	-106.67	353.66	-1310.49	sweep_arena
7772451	42007000	2046410800	m61_46_41_00	-177.91	317.66	54.75	sweep_arena
7772452	42027000	2051440800	m61_51_44_00	5.08	162.59	94.24	sweep_arena
7772453	42037000	2046450800	m61_46_45_00	109.2	395.92	-80.75	sweep_arena
7772465	43017900	43010800	m43_01_00_00	37.56	94.02	4.2	sweep_arena
7772487	1034437200	1035420800	m60_35_42_00	-38.61	269.17	-17.9	sweep_arena
7772509	1034477300	1034480800	m60_34_48_00	46.25	252.21	77.03	sweep_arena
7772510	1034477310	1034480800	m60_34_48_00	46.25	252.21	77.03	sweep_arena
7772515	1034487300	1034480800	m60_34_48_00	46.25	252.21	77.03	sweep_arena
7772516	1034487310	1034480800	m60_34_48_00	46.25	252.21	77.03	sweep_arena
7772534	1035437100	1034420800	m60_34_42_00	101.58	397.27	-42.53	sweep_arena
7772550	1035467700	14000850	m14_00_00_00	151.24	110.57	-222.99	sweep_arena
7772556	1035487100	1034480800	m60_34_48_00	46.25	252.21	77.03	sweep_arena
7772600	1036547100	1036540800	m60_36_54_00	100.63	1052.16	-41.76	sweep_arena
7772609	1037467400	1037460800	m60_37_46_00	-48.34	398.31	9.79	sweep_arena
7772629	1037497300	1036500800	m60_36_50_00	121.09	379.63	10.94	sweep_arena
7772707	1038547100	1037540810	m60_37_54_00	-33.39	856.8	-72.88	sweep_arena
7772709	1038547700	1037540810	m60_37_54_00	-33.39	856.8	-72.88	sweep_arena
7772714	1039417300	1038410800	m60_38_41_00	3.89	257.37	-124.93	sweep_arena
7772715	1039417310	1038410800	m60_38_41_00	3.89	257.37	-124.93	sweep_arena
7772753	1039537080	1037540810	m60_37_54_00	-33.39	856.8	-72.88	sweep_arena
7772754	1039537700	1037530800	m60_37_53_00	52.79	903.67	-88.34	sweep_arena
7772804	1042337100	1042330800	m60_42_33_00	-126.39	19.91	108.76	sweep_arena
7772824	1042377700	1043370800	m60_43_37_00	72.46	90.96	-94.7	sweep_arena
7772839	1042387400	1042380800	m60_42_38_00	120.54	183.82	50.97	sweep_arena
7772840	1042387410	1042380850	m60_42_38_00	12.3	188.02	89.59	sweep_arena
7772843	1042397500	1042380850	m60_42_38_00	12.3	188.02	89.59	sweep_arena
7772844	1042397700	1042380800	m60_42_38_00	120.54	183.82	50.97	sweep_arena
7772845	1042507020	1041510800	m60_41_51_00	91.09	851.27	-31.35	sweep_arena
7772849	1042517900	1041510800	m60_41_51_00	91.09	851.27	-31.35	sweep_arena
7772867	1043317360	1044320850	m60_44_32_00	36.61	42.82	102.45	sweep_arena
7772877	1043347400	1043330800	m60_43_33_00	-55.4	83.11	21.96	sweep_arena
7772900	1043537100	1041530800	m60_41_53_00	-77.48	785.14	29.23	sweep_arena
7772901	1043537400	1043530800	m60_44_53_00	-23.58	1025.94	75.99	sweep_arena
7772915	1044337070	1044320850	m60_44_32_00	36.61	42.82	102.45	sweep_arena
7772922	1044357100	1044350800	m60_44_34_00	-17.4	105.68	119.83	sweep_arena
7772955	1046367700	1044360800	m60_44_36_00	17.39	80.81	29.78	sweep_arena
7772967	1046407700	1047400800	m60_47_40_00	-102.34	126.24	102.54	sweep_arena
7772976	1047377100	1048370800	m60_48_37_00	-48.09	114.95	-42.67	sweep_arena
7772986	1047387700	1048370800	m60_48_37_00	-48.09	114.95	-42.67	sweep_arena
7773003	1047567700	1248550800	m60_48_55_00	108.17	1281.57	-33.08	sweep_arena
7773014	1048387500	1049370850	m60_49_37_00	112.21	102.17	15.51	sweep_arena
7773020	1048417800	1048410800	m60_48_41_00	-86.98	225.66	-70.16	sweep_arena
7773022	1048517700	1048510800	m60_48_51_00	-93.2	971.48	47.68	sweep_arena
7773211	2044457950	2044450800	m61_44_45_00	-61.24	625.31	110.57	sweep_arena
7773222	2044467950	2044450800	m61_44_45_00	-61.24	625.31	110.57	sweep_arena
7773240	2045417950	2046410800	m61_46_41_00	-177.91	317.66	54.75	sweep_arena
7773258	2045467500	2044470800	m61_44_47_00	-52.12	321.72	112.28	sweep_arena
7773268	2045477400	2044470800	m61_44_47_00	-52.12	321.72	112.28	sweep_arena
7773269	2045477500	2044470800	m61_44_47_00	-52.12	321.72	112.28	sweep_arena
7773270	2045477510	2044470800	m61_44_47_00	-52.12	321.72	112.28	sweep_arena
7773271	2045477520	2044470800	m61_44_47_00	-52.12	321.72	112.28	sweep_arena
7773272	2045477530	2044470800	m61_44_47_00	-52.12	321.72	112.28	sweep_arena
7773273	2045477540	2044470800	m61_44_47_00	-52.12	321.72	112.28	sweep_arena
7773274	2045477550	2044470800	m61_44_47_00	-52.12	321.72	112.28	sweep_arena
7773275	2045477560	2044470800	m61_44_47_00	-52.12	321.72	112.28	sweep_arena
7773276	2045477570	2044470800	m61_44_47_00	-52.12	321.72	112.28	sweep_arena
7773277	2045477580	2044470800	m61_44_47_00	-52.12	321.72	112.28	sweep_arena
7773278	2045477590	2044470800	m61_44_47_00	-52.12	321.72	112.28	sweep_arena
7773279	2045477600	2044470800	m61_44_47_00	-52.12	321.72	112.28	sweep_arena
7773280	2045477700	40000800	m40_00_00_00	-426.56	113.72	-33.97	sweep_arena
7773281	2045477710	40000800	m40_00_00_00	-426.56	113.72	-33.97	sweep_arena
7773282	2045477720	40000800	m40_00_00_00	-426.56	113.72	-33.97	sweep_arena
7773283	2045477730	40000800	m40_00_00_00	-426.56	113.72	-33.97	sweep_arena
7773284	2045477740	40000800	m40_00_00_00	-426.56	113.72	-33.97	sweep_arena
7773285	2045477750	40000800	m40_00_00_00	-426.56	113.72	-33.97	sweep_arena
7773286	2045477760	40000800	m40_00_00_00	-426.56	113.72	-33.97	sweep_arena
7773287	2045477770	40000800	m40_00_00_00	-426.56	113.72	-33.97	sweep_arena
7773288	2045477780	40000800	m40_00_00_00	-426.56	113.72	-33.97	sweep_arena
7773289	2045477790	40000800	m40_00_00_00	-426.56	113.72	-33.97	sweep_arena
7773290	2045477800	40000800	m40_00_00_00	-426.56	113.72	-33.97	sweep_arena
7773291	2045477900	40000800	m40_00_00_00	-426.56	113.72	-33.97	sweep_arena
7773305	2046397060	2047390800	m61_47_39_00	93.02	84.98	55.78	sweep_arena
7773311	2046427980	2046410800	m61_46_41_00	-177.91	317.66	54.75	sweep_arena
7773337	2046457950	2046450800	m61_46_45_00	109.2	395.92	-80.75	sweep_arena
7773357	2046477950	2046460800	m61_46_46_00	-62.72	536.0	-40.75	sweep_arena
7773358	2046477955	2046460800	m61_46_46_00	-62.72	536.0	-40.75	sweep_arena
7773359	2046477970	2046460800	m61_46_46_00	-62.72	536.0	-40.75	sweep_arena
7773373	2047397995	2047390800	m61_47_39_00	93.02	84.98	55.78	sweep_arena
7773380	2047407980	2046400800	m61_46_40_00	-71.78	2.25	-12.53	sweep_arena
7773394	2047427950	2046410800	m61_46_41_00	-177.91	317.66	54.75	sweep_arena
7773402	2047437980	2045440800	m61_45_44_00	59.1	256.42	-73.89	sweep_arena
7773433	2047447900	2048440800	m61_48_44_00	-55.49	427.01	50.56	sweep_arena
7773441	2047457700	2047450800	m61_47_44_00	-27.67	346.02	117.34	sweep_arena
7773454	2047477950	2046460800	m61_46_46_00	-62.72	536.0	-40.75	sweep_arena
7773477	2048417980	2049410800	m61_49_41_00	80.59	65.82	-106.26	sweep_arena
7773509	2048467710	2049450800	m61_49_45_00	62.85	396.02	123.83	sweep_arena
7773518	2049427700	2049410800	m61_49_41_00	80.59	65.82	-106.26	sweep_arena
7773519	2049427720	2049410800	m61_49_41_00	80.59	65.82	-106.26	sweep_arena
7773584	2050427700	28000800	m28_00_00_00	-11.75	16.01	-92.36	sweep_arena
7773607	2050447740	2049450800	m61_49_45_00	62.85	396.02	123.83	sweep_arena
7773615	2050467500	2050470800	m61_50_47_00	14.86	559.44	106.53	sweep_arena
7773616	2050467510	2050470800	m61_50_47_00	14.86	559.44	106.53	sweep_arena
7773627	2051417700	2049430850	m61_49_43_00	68.88	396.48	-95.66	sweep_arena
7773636	2051457700	2051440800	m61_51_44_00	5.08	162.59	94.24	sweep_arena
7773648	2052427500	2052430800	m61_52_43_00	-68.1	-512.16	67.91	sweep_arena
7773663	65000	1041530800	m60_41_53_00	-77.48	785.14	29.23	sweep_arena
7773668	65080	1043330800	m60_43_33_00	-55.4	83.11	21.96	sweep_arena
7773669	65110	1051400800	m60_51_40_00	37.4	209.43	70.23	sweep_arena
7773670	65130	1050570850	m60_50_57_00	-85.38	1390.24	-56.42	sweep_arena
7773672	65160	1033430800	m60_33_43_00	43.42	291.36	28.77	sweep_arena
7773673	65170	1050570850	m60_50_57_00	-85.38	1390.24	-56.42	sweep_arena
7773677	65250	1037540810	m60_37_54_00	-33.39	856.8	-72.88	sweep_arena
7773678	65260	1051400800	m60_51_40_00	37.4	209.43	70.23	sweep_arena
7773679	65280	1047400800	m60_47_40_00	-102.34	126.24	102.54	sweep_arena
7773680	65300	1038480800	m60_38_48_00	-30.17	404.2	-102.92	sweep_arena
7773681	65310	1038480800	m60_38_48_00	-30.17	404.2	-102.92	sweep_arena
7773683	65410	2049450800	m61_49_45_00	62.85	396.02	123.83	sweep_arena
7773702	66990	2046380800	m61_46_38_00	-24.9	9.25	-96.83	sweep_arena
7773707	400090	16000800	m16_00_00_00	93.69	-438.87	-118.41	sweep_arena
7773708	400101	14000850	m14_00_00_00	151.24	110.57	-222.99	sweep_arena
7773709	400103	14000800	m14_00_00_00	70.4	-838.71	-23.42	sweep_arena
7773717	400221	10000850	m10_00_00_00	-16.94	-2.75	-17.6	sweep_arena
7773732	400312	1049380800	m60_49_38_00	-25.22	65.88	50.57	sweep_arena
7773739	400430	31110800	m31_11_00_00	-145.79	126.94	135.72	sweep_arena
7773741	400590	2047450800	m61_47_44_00	-27.67	346.02	117.34	sweep_arena
7773747	400612	21010800	m15_00_00_00	174.37	431.66	307.9	sweep_arena
7773755	400664	2051440800	m61_51_44_00	5.08	162.59	94.24	sweep_arena
7773758	400671	2051440800	m61_51_44_00	5.08	162.59	94.24	sweep_arena
7773759	400672	2051440800	m61_51_44_00	5.08	162.59	94.24	sweep_arena
7773762	400704	2049410800	m61_49_41_00	80.59	65.82	-106.26	sweep_arena
7773765	400712	2054390850	m61_54_39_00	-72.88	511.96	19.44	sweep_arena
7773766	400714	2054390800	m61_54_39_00	112.04	953.86	26.01	sweep_arena
7773855	530405	1049380800	m60_49_38_00	-25.22	65.88	50.57	sweep_arena
7773856	530420	1052410800	m60_52_41_00	-110.47	248.33	107.53	sweep_arena
7773861	530530	1050570800	m60_50_57_00	64.6	1630.35	-79.5	sweep_arena
7773862	530550	1050560800	m60_50_56_00	15.43	1255.08	9.55	sweep_arena
7773866	530830	2051440800	m61_51_44_00	5.08	162.59	94.24	sweep_arena
7773867	530840	2048380850	m61_48_39_00	-90.03	32.28	-91.6	sweep_arena
7773868	530845	2046400800	m61_46_40_00	-71.78	2.25	-12.53	sweep_arena
7773869	530850	2049410800	m61_49_41_00	80.59	65.82	-106.26	sweep_arena
7773870	530855	2047390800	m61_47_39_00	93.02	84.98	55.78	sweep_arena
7773871	530860	2045440800	m61_45_44_00	59.1	256.42	-73.89	sweep_arena
7773872	530865	2045440800	m61_45_44_00	59.1	256.42	-73.89	sweep_arena
7773873	530900	2046450800	m61_46_45_00	109.2	395.92	-80.75	sweep_arena
7773874	530905	2044470800	m61_44_47_00	-52.12	321.72	112.28	sweep_arena
7773875	530930	2049450800	m61_49_45_00	62.85	396.02	123.83	sweep_arena
7773876	530940	2046460800	m61_46_46_00	-62.72	536.0	-40.75	sweep_arena
7773879	530955	2047450800	m61_47_44_00	-27.67	346.02	117.34	sweep_arena
7773880	530960	2052480800	m61_52_48_00	39.21	478.32	117.0	sweep_arena
7773881	530965	2049430850	m61_49_43_00	68.88	396.48	-95.66	sweep_arena
7773882	540404	1049380800	m60_49_38_00	-25.22	65.88	50.57	sweep_arena
7773883	540408	1051360800	m60_51_36_00	78.39	91.78	37.64	sweep_arena
7773884	540414	1049370850	m60_49_37_00	112.21	102.17	15.51	sweep_arena
7773885	540416	1049390850	m60_49_39_00	-89.47	164.03	-1.09	sweep_arena
7773886	540418	1049390800	m60_49_39_00	94.02	83.54	86.54	sweep_arena
7773887	540420	1052410850	m60_52_41_00	8.28	221.38	115.71	sweep_arena
7773888	540426	1048400800	m60_48_40_00	-118.79	138.42	-91.28	sweep_arena
7773891	540510	1254560800	m60_54_56_00	-124.93	1620.18	54.68	sweep_arena
7773892	540512	1053560800	m60_53_56_00	-52.5	1668.45	-116.28	sweep_arena
7773893	540516	1053560800	m60_53_56_00	-52.5	1668.45	-116.28	sweep_arena
7773894	540524	1048570800	m60_48_57_00	-106.89	1255.08	116.48	sweep_arena
7773901	540902	2048440800	m61_48_44_00	-55.49	427.01	50.56	sweep_arena
7773902	540904	2047450800	m61_47_44_00	-27.67	346.02	117.34	sweep_arena
7773903	540906	2051440800	m61_51_44_00	5.08	162.59	94.24	sweep_arena
7773904	540910	2046450800	m61_46_45_00	109.2	395.92	-80.75	sweep_arena
7773905	540916	2044470800	m61_44_47_00	-52.12	321.72	112.28	sweep_arena
7773911	580030	1051570800	m60_51_57_00	78.08	1632.02	210.23	sweep_arena
7773912	580060	1049380800	m60_49_38_00	-25.22	65.88	50.57	sweep_arena
7773916	10007082	10000800	m10_00_00_00	-233.64	73.69	349.6	sweep_arena
7773934	14007997	14000850	m14_00_00_00	151.24	110.57	-222.99	sweep_arena
7773935	16007930	16000850	m16_00_00_00	62.32	7.82	-211.48	sweep_arena
7773951	21027080	2050480860	m61_50_48_00	47.62	541.52	-63.28	sweep_arena
7773952	21027090	2049480800	m61_49_48_00	80.91	580.04	6.88	sweep_arena
7773953	21027100	2050470800	m61_50_47_00	14.86	559.44	106.53	sweep_arena
7773956	21027130	2052480800	m61_52_48_00	39.21	478.32	117.0	sweep_arena
7773957	21027140	21010800	m15_00_00_00	174.37	431.66	307.9	sweep_arena
7773959	21027160	2050480860	m61_50_48_00	47.62	541.52	-63.28	sweep_arena
7773961	21027985	2050470800	m61_50_47_00	14.86	559.44	106.53	sweep_arena
7773966	30077900	30070800	m30_07_00_00	-127.12	820.61	221.81	sweep_arena
7773971	30137960	30130800	m30_13_00_00	4.35	954.42	78.96	sweep_arena
7773973	30137980	30130800	m30_13_00_00	4.35	954.42	78.96	sweep_arena
7773976	30147900	30140800	m30_14_00_00	-123.4	73.12	-33.96	sweep_arena
7773979	30187950	30180800	m30_18_00_00	-134.19	1478.18	156.62	sweep_arena
7773980	30187960	30180800	m30_18_00_00	-134.19	1478.18	156.62	sweep_arena
7773981	30187970	30180800	m30_18_00_00	-134.19	1478.18	156.62	sweep_arena
7773982	30187980	30180800	m30_18_00_00	-134.19	1478.18	156.62	sweep_arena
7773983	30187990	30180800	m30_18_00_00	-134.19	1478.18	156.62	sweep_arena
7773984	30197900	30190800	m30_19_00_00	68.3	1374.72	-160.63	sweep_arena
7774000	35007997	35000800	m35_00_00_00	74.54	-298.53	-80.61	sweep_arena
7774017	39207170	39200800	m39_20_00_00	-106.67	353.66	-1310.49	sweep_arena
7774067	41007970	41000800	m41_00_00_00	-178.66	78.58	-198.63	sweep_arena
7774068	41007975	41000800	m41_00_00_00	-178.66	78.58	-198.63	sweep_arena
7774069	41007980	41000800	m41_00_00_00	-178.66	78.58	-198.63	sweep_arena
7774070	41007985	41000800	m41_00_00_00	-178.66	78.58	-198.63	sweep_arena
7774071	41007990	41000800	m41_00_00_00	-178.66	78.58	-198.63	sweep_arena
7774072	41007995	41000800	m41_00_00_00	-178.66	78.58	-198.63	sweep_arena
7774075	41017975	41010800	m41_01_00_00	-194.07	190.58	89.84	sweep_arena
7774076	41017980	41010800	m41_01_00_00	-194.07	190.58	89.84	sweep_arena
7774077	41017985	41010800	m41_01_00_00	-194.07	190.58	89.84	sweep_arena
7774078	41017990	41010800	m41_01_00_00	-194.07	190.58	89.84	sweep_arena
7774079	41017995	41010800	m41_01_00_00	-194.07	190.58	89.84	sweep_arena
7774085	41027985	41020800	m41_02_00_00	152.6	19.8	-14.96	sweep_arena
7774086	41027990	41020800	m41_02_00_00	152.6	19.8	-14.96	sweep_arena
7774087	41027995	41020800	m41_02_00_00	152.6	19.8	-14.96	sweep_arena
7774119	1033457100	1033450800	m60_33_45_00	-52.3	245.05	-29.6	sweep_arena
7774128	1035417980	1034420800	m60_34_42_00	101.58	397.27	-42.53	sweep_arena
7774129	1035417990	1035420800	m60_35_42_00	-38.61	269.17	-17.9	sweep_arena
7774142	1035447990	1034450800	m60_34_45_00	-8.09	237.38	-10.62	sweep_arena
7774170	1035507610	1035500800	m60_35_50_00	-31.85	430.95	100.61	sweep_arena
7774171	1035507620	1035500800	m60_35_50_00	-31.85	430.95	100.61	sweep_arena
7774172	1035507630	1035500800	m60_35_50_00	-31.85	430.95	100.61	sweep_arena
7774192	1035537980	1035530800	m60_35_53_00	-3.79	824.0	-70.69	sweep_arena
7774193	1035537990	1035530800	m60_35_53_00	-3.79	824.0	-70.69	sweep_arena
7774194	1035547700	1035530800	m60_35_53_00	-3.79	824.0	-70.69	sweep_arena
7774196	1035547990	1035530800	m60_35_53_00	-3.79	824.0	-70.69	sweep_arena
7774222	1037497990	1036500800	m60_36_50_00	121.09	379.63	10.94	sweep_arena
7774223	1038447100	1039440800	m60_39_44_00	-81.59	294.79	-41.36	sweep_arena
7774225	1038467990	1037460800	m60_37_46_00	-48.34	398.31	9.79	sweep_arena
7774252	1039447980	1039440800	m60_39_44_00	-81.59	294.79	-41.36	sweep_arena
7774253	1039447990	1039440800	m60_39_44_00	-81.59	294.79	-41.36	sweep_arena
7774259	1039527700	1040530800	m60_40_53_00	-92.85	802.27	71.05	sweep_arena
7774260	1039537750	1037530800	m60_37_53_00	52.79	903.67	-88.34	sweep_arena
7774283	1039547980	1039540800	m60_39_54_00	-53.72	768.29	56.51	sweep_arena
7774284	1039547990	1039540800	m60_39_54_00	-53.72	768.29	56.51	sweep_arena
7774294	1040547700	1040530800	m60_40_53_00	-92.85	802.27	71.05	sweep_arena
7774295	1040557700	1039540800	m60_39_54_00	-53.72	768.29	56.51	sweep_arena
7774323	1042377100	1042370800	m60_42_37_00	-83.61	160.59	65.0	sweep_arena
7774324	1042377110	1042370800	m60_42_37_00	-83.61	160.59	65.0	sweep_arena
7774357	1043397500	1042380850	m60_42_38_00	12.3	188.02	89.59	sweep_arena
7774358	1043527700	1043530800	m60_44_53_00	-23.58	1025.94	75.99	sweep_arena
7774360	1043527760	1043530800	m60_44_53_00	-23.58	1025.94	75.99	sweep_arena
7774380	1044357050	1044350800	m60_44_34_00	-17.4	105.68	119.83	sweep_arena
7774385	1044367700	1044360800	m60_44_36_00	17.39	80.81	29.78	sweep_arena
7774424	1047387980	1048370800	m60_48_37_00	-48.09	114.95	-42.67	sweep_arena
7774425	1047387990	1048370800	m60_48_37_00	-48.09	114.95	-42.67	sweep_arena
7774428	1047397990	1047400800	m60_47_40_00	-102.34	126.24	102.54	sweep_arena
7774437	1047407990	1047400800	m60_47_40_00	-102.34	126.24	102.54	sweep_arena
7774446	1048407980	1048400800	m60_48_40_00	-118.79	138.42	-91.28	sweep_arena
7774447	1048407990	1048400800	m60_48_40_00	-118.79	138.42	-91.28	sweep_arena
7774449	1048557700	1248550800	m60_48_55_00	108.17	1281.57	-33.08	sweep_arena
7774450	1048557710	1248550800	m60_48_55_00	108.17	1281.57	-33.08	sweep_arena
7774451	1048567800	1248550800	m60_48_55_00	108.17	1281.57	-33.08	sweep_arena
7774452	1048577700	1048570800	m60_48_57_00	-106.89	1255.08	116.48	sweep_arena
7774453	1048577900	1048570800	m60_48_57_00	-106.89	1255.08	116.48	sweep_arena
7774454	1048577910	1048570800	m60_48_57_00	-106.89	1255.08	116.48	sweep_arena
7774455	1048577920	1048570800	m60_48_57_00	-106.89	1255.08	116.48	sweep_arena
7774456	1048577930	1048570800	m60_48_57_00	-106.89	1255.08	116.48	sweep_arena
7774458	1049377100	1049370800	m60_49_37_00	-116.52	102.11	-7.9	sweep_arena
7774459	1049377110	1049370850	m60_49_37_00	112.21	102.17	15.51	sweep_arena
7774460	1049377700	1049370800	m60_49_37_00	-116.52	102.11	-7.9	sweep_arena
7774477	1049397850	1049390850	m60_49_39_00	-89.47	164.03	-1.09	sweep_arena
7774480	1049547700	1248550800	m60_48_55_00	108.17	1281.57	-33.08	sweep_arena
7774494	1049577700	1048570800	m60_48_57_00	-106.89	1255.08	116.48	sweep_arena
7774495	1049577710	1050560800	m60_50_56_00	15.43	1255.08	9.55	sweep_arena
7774496	1049577720	1050570850	m60_50_57_00	-85.38	1390.24	-56.42	sweep_arena
7774503	1050537700	1049520800	m60_49_52_00	-20.31	1048.49	54.71	sweep_arena
7774506	1050567700	1050560800	m60_50_56_00	15.43	1255.08	9.55	sweep_arena
7774508	1051367700	1051360800	m60_51_36_00	78.39	91.78	37.64	sweep_arena
7774509	1051367800	1051360800	m60_51_36_00	78.39	91.78	37.64	sweep_arena
7774529	1051567700	1051570800	m60_51_57_00	78.08	1632.02	210.23	sweep_arena
7774530	1051577720	1051570800	m60_51_57_00	78.08	1632.02	210.23	sweep_arena
7774531	1051577800	1051570800	m60_51_57_00	78.08	1632.02	210.23	sweep_arena
7774532	1051577810	1051570800	m60_51_57_00	78.08	1632.02	210.23	sweep_arena
7774533	1052417100	1052410850	m60_52_41_00	8.28	221.38	115.71	sweep_arena
7774536	1052557700	1053560800	m60_53_56_00	-52.5	1668.45	-116.28	sweep_arena
7774546	1053567700	1053560800	m60_53_56_00	-52.5	1668.45	-116.28	sweep_arena
7774547	1053567710	1053560800	m60_53_56_00	-52.5	1668.45	-116.28	sweep_arena
7774548	1053567720	1053560800	m60_53_56_00	-52.5	1668.45	-116.28	sweep_arena
7774555	2047397070	2047390800	m61_47_39_00	93.02	84.98	55.78	sweep_arena
7774578	2051447500	2051440800	m61_51_44_00	5.08	162.59	94.24	sweep_arena
7774579	2051447510	2051440800	m61_51_44_00	5.08	162.59	94.24	sweep_arena
7774637	1038417020	1038410800	m60_38_41_00	3.89	257.37	-124.93	sweep_arena
7774638	1047427000	1048410800	m60_48_41_00	-86.98	225.66	-70.16	sweep_arena
7774639	1050407000	1049390850	m60_49_39_00	-89.47	164.03	-1.09	sweep_arena
7900005	400061	1033430800	m60_33_43_00	43.42	291.36	28.77	sweep_arena
7900006	400071	16000860	m16_00_00_00	229.67	-133.52	-251.97	sweep_arena
7900008	400148	1034500800	m60_34_50_00	76.01	440.94	63.31	sweep_arena
7900009	400148	1034500800	m60_34_50_00	76.01	440.94	63.31	sweep_arena
7900010	400148	1034500800	m60_34_50_00	76.01	440.94	63.31	sweep_arena
7900011	400148	1034500800	m60_34_50_00	76.01	440.94	63.31	sweep_arena
7900018	400174	13000830	m13_00_00_00	14.45	1009.59	329.5	sweep_arena
7900025	400312	1049370800	m60_49_37_00	-116.52	102.11	-7.9	sweep_arena
7900041	400382	35000850	m35_00_00_00	-203.85	-153.85	-306.87	sweep_arena
7900042	400382	35000800	m35_00_00_00	74.54	-298.53	-80.61	sweep_arena
7900043	400382	35000850	m35_00_00_00	-203.85	-153.85	-306.87	sweep_arena
7900058	400500	11050800	m11_05_00_00	41.02	65.12	-421.28	sweep_arena
7900059	400500	11050850	m11_05_00_00	-132.34	31.03	-386.62	sweep_arena
7900064	400614	20010850	m20_01_00_00	-221.56	174.59	-328.75	sweep_arena
7900065	400614	20010800	m20_01_00_00	-287.24	299.7	-141.21	sweep_arena
7900066	400614	20010850	m20_01_00_00	-221.56	174.59	-328.75	sweep_arena
7900067	400614	20010800	m20_01_00_00	-287.24	299.7	-141.21	sweep_arena
7900068	400622	21010800	m15_00_00_00	174.37	431.66	307.9	sweep_arena
7900069	400622	21010800	m15_00_00_00	174.37	431.66	307.9	sweep_arena
7900070	400622	21010800	m15_00_00_00	174.37	431.66	307.9	sweep_arena
7900071	400624	20010850	m20_01_00_00	-221.56	174.59	-328.75	sweep_arena
7900072	400624	20010800	m20_01_00_00	-287.24	299.7	-141.21	sweep_arena
7900073	400624	20010850	m20_01_00_00	-221.56	174.59	-328.75	sweep_arena
7900074	400624	20010800	m20_01_00_00	-287.24	299.7	-141.21	sweep_arena
7900075	400624	20010850	m20_01_00_00	-221.56	174.59	-328.75	sweep_arena
7900076	400625	21010800	m15_00_00_00	174.37	431.66	307.9	sweep_arena
7900077	400625	21010800	m15_00_00_00	174.37	431.66	307.9	sweep_arena
7900078	400625	21010800	m15_00_00_00	174.37	431.66	307.9	sweep_arena
7900079	400625	21010800	m15_00_00_00	174.37	431.66	307.9	sweep_arena
7900080	400625	21010800	m15_00_00_00	174.37	431.66	307.9	sweep_arena
7900085	400634	20010800	m20_01_00_00	-287.24	299.7	-141.21	sweep_arena
7900086	400634	20010850	m20_01_00_00	-221.56	174.59	-328.75	sweep_arena
7900087	400634	20010800	m20_01_00_00	-287.24	299.7	-141.21	sweep_arena
7900088	400634	20010850	m20_01_00_00	-221.56	174.59	-328.75	sweep_arena
7900092	400645	20010800	m20_01_00_00	-287.24	299.7	-141.21	sweep_arena
7900093	400645	20010850	m20_01_00_00	-221.56	174.59	-328.75	sweep_arena
7900094	400645	20010800	m20_01_00_00	-287.24	299.7	-141.21	sweep_arena
7900095	400645	20010850	m20_01_00_00	-221.56	174.59	-328.75	sweep_arena
7900097	400664	2051440800	m61_51_44_00	5.08	162.59	94.24	sweep_arena
7900098	400664	2051440800	m61_51_44_00	5.08	162.59	94.24	sweep_arena
7900099	400664	2051440800	m61_51_44_00	5.08	162.59	94.24	sweep_arena
7900100	400664	2051440800	m61_51_44_00	5.08	162.59	94.24	sweep_arena
7900101	400664	2051440800	m61_51_44_00	5.08	162.59	94.24	sweep_arena
7900102	400704	2049410800	m61_49_41_00	80.59	65.82	-106.26	sweep_arena
7900108	400714	2054390800	m61_54_39_00	112.04	953.86	26.01	sweep_arena
7900109	400714	2054390850	m61_54_39_00	-72.88	511.96	19.44	sweep_arena
7900110	400714	2054390800	m61_54_39_00	112.04	953.86	26.01	sweep_arena
7900111	400714	2054390850	m61_54_39_00	-72.88	511.96	19.44	sweep_arena
7900112	400714	2054390800	m61_54_39_00	112.04	953.86	26.01	sweep_arena
7900144	530260	1034420800	m60_34_42_00	101.58	397.27	-42.53	sweep_arena
7900145	530315	1045520800	m60_45_52_00	27.69	1023.82	43.92	sweep_arena
7900146	530325	1042550800	m60_42_55_00	-35.55	968.22	-38.97	sweep_arena
7900147	530375	1036540800	m60_36_54_00	100.63	1052.16	-41.76	sweep_arena
7900149	530425	1051430800	m60_51_43_00	60.89	305.2	-63.97	sweep_arena
7900150	530505	1049520800	m60_49_52_00	-20.31	1048.49	54.71	sweep_arena
7900154	530515	1053560800	m60_53_56_00	-52.5	1668.45	-116.28	sweep_arena
7900163	530830	2051440800	m61_51_44_00	5.08	162.59	94.24	sweep_arena
7900164	530830	2051440800	m61_51_44_00	5.08	162.59	94.24	sweep_arena
7900165	530830	2051440800	m61_51_44_00	5.08	162.59	94.24	sweep_arena
7900166	530830	2051440800	m61_51_44_00	5.08	162.59	94.24	sweep_arena
7900167	530900	2046450800	m61_46_45_00	109.2	395.92	-80.75	sweep_arena
7900168	530900	2046450800	m61_46_45_00	109.2	395.92	-80.75	sweep_arena
7900169	530900	2046450800	m61_46_45_00	109.2	395.92	-80.75	sweep_arena
7900170	530900	2046450800	m61_46_45_00	109.2	395.92	-80.75	sweep_arena
7900178	11007985	11000800	m11_00_00_00	67.41	79.0	-455.18	sweep_arena
7900179	11007985	11000850	m11_00_00_00	-131.56	31.01	-386.36	sweep_arena
7900180	11007985	11000800	m11_00_00_00	67.41	79.0	-455.18	sweep_arena
7900185	12057950	12050800	m12_05_00_00	1552.51	-505.78	1234.42	sweep_arena
7900186	12057950	12050800	m12_05_00_00	1552.51	-505.78	1234.42	sweep_arena
7900187	12057950	12050800	m12_05_00_00	1552.51	-505.78	1234.42	sweep_arena
7900191	13007995	13000850	m13_00_00_00	-3.55	-52.2	406.52	sweep_arena
7900192	13007995	13000800	m13_00_00_00	197.21	-32.52	374.75	sweep_arena
7900193	13007995	13000830	m13_00_00_00	14.45	1009.59	329.5	sweep_arena
7900198	21017991	21010800	m15_00_00_00	174.37	431.66	307.9	sweep_arena
7900206	30107100	30100800	m30_10_00_00	-101.57	761.46	340.47	sweep_arena
7900207	30107100	30100800	m30_10_00_00	-101.57	761.46	340.47	sweep_arena
7900208	30107100	30100800	m30_10_00_00	-101.57	761.46	340.47	sweep_arena
7900209	30107100	30100800	m30_10_00_00	-101.57	761.46	340.47	sweep_arena
7900222	39207500	39200800	m39_20_00_00	-106.67	353.66	-1310.49	sweep_arena
7900223	39207500	39200800	m39_20_00_00	-106.67	353.66	-1310.49	sweep_arena
7900224	39207500	39200800	m39_20_00_00	-106.67	353.66	-1310.49	sweep_arena
7900238	1037497300	1038480800	m60_38_48_00	-30.17	404.2	-102.92	sweep_arena
7900242	1038547100	1037530800	m60_37_53_00	52.79	903.67	-88.34	sweep_arena
7900243	1038547100	1037540810	m60_37_54_00	-33.39	856.8	-72.88	sweep_arena
7900246	1039537700	1037530800	m60_37_53_00	52.79	903.67	-88.34	sweep_arena
7900247	1040557700	1039540800	m60_39_54_00	-53.72	768.29	56.51	sweep_arena
7900248	1040557700	1039540800	m60_39_54_00	-53.72	768.29	56.51	sweep_arena
7900249	1040557700	1039540800	m60_39_54_00	-53.72	768.29	56.51	sweep_arena
7900253	1042397500	1042380850	m60_42_38_00	12.3	188.02	89.59	sweep_arena
7900254	1042397500	1042380800	m60_42_38_00	120.54	183.82	50.97	sweep_arena
7900255	1042397500	1042380850	m60_42_38_00	12.3	188.02	89.59	sweep_arena
7900256	1043347400	1042330800	m60_42_33_00	-126.39	19.91	108.76	sweep_arena
7900258	1047567700	1048570800	m60_48_57_00	-106.89	1255.08	116.48	sweep_arena
7900259	1047567700	1248550800	m60_48_55_00	108.17	1281.57	-33.08	sweep_arena
7900261	1048557710	1248550800	m60_48_55_00	108.17	1281.57	-33.08	sweep_arena
7900262	1048557710	1248550800	m60_48_55_00	108.17	1281.57	-33.08	sweep_arena
7900263	1048557710	1248550800	m60_48_55_00	108.17	1281.57	-33.08	sweep_arena
7900271	1050567700	1050560800	m60_50_56_00	15.43	1255.08	9.55	sweep_arena
7900272	1050567700	1050560800	m60_50_56_00	15.43	1255.08	9.55	sweep_arena
7900273	1050567700	1050560800	m60_50_56_00	15.43	1255.08	9.55	sweep_arena
7900274	1050567700	1050560800	m60_50_56_00	15.43	1255.08	9.55	sweep_arena
7900276	1051577720	1051570800	m60_51_57_00	78.08	1632.02	210.23	sweep_arena
7900280	2045477400	2044470800	m61_44_47_00	-52.12	321.72	112.28	sweep_arena
